Kyle Larson,Hendrick Motorsports
Christopher Bell,Joe Gibbs Racing
Denny Hamlin,Joe Gibbs Racing
William Byron,Hendrick Motorsports
Ross Chastain,Trackhouse Racing
Joey Logano,Team Penske
Austin Cindric,Team Penske
Josh Berry,Wood Brothers Racing
Chase Elliott,Hendrick Motorsports
Tyler Reddick,23XI Racing
Ryan Blaney,Team Penske
Alex Bowman,Hendrick Motorsports
Chase Briscoe,Joe Gibbs Racing
Bubba Wallace,23XI Racing
Ricky Stenhouse Jr.,Hyak Motorsports
Ryan Preece,RFK Racing
A. J. Allmendinger,Kaulig Racing
Kyle Busch,Richard Childress Racing
Michael McDowell,Spire Motorsports
John Hunter Nemechek,Legacy Motor Club
Carson Hocevar,Spire Motorsports
Todd Gilliland,Front Row Motorsports
Chris Buescher,RFK Racing
Austin Dillon,Richard Childress Racing
Ty Gibbs,Joe Gibbs Racing
Zane Smith,Front Row Motorsports
Erik Jones,Legacy Motor Club
Noah Gragson,Front Row Motorsports
Justin Haley,Spire Motorsports
Daniel Suarez,Trackhouse Racing
Ty Dillon,Kaulig Racing
Brad Keselowski,RFK Racing
Shane van Gisbergen,Trackhouse Racing
Riley Herbst,23XI Racing
Cole Custer,Haas Factory Team
Cody Ware,Rick Ware Racing
Jimmie Johnson,Legacy Motor Club
Corey LaJoie,Rick Ware Racing
Katherine Legge,
Derek Kraus,
Casey Mears,
Burt Myers,Team AmeriVet
Chad Finchum,
Martin Truex Jr.,
Helio Castroneves,
